{
    "model_comparison": {
        "bert-base-chinese": {
            "parameter_count": 102269186,
            "model_type": "Chinese",
            "test_results": {
                "chinese_data": {
                    "accuracy": 0.9989,
                    "precision": 0.9984015984015984,
                    "recall": 0.9994,
                    "f1": 0.9989005497251374,
                    "auc_roc": 0.9999838,
                    "inference_time_seconds": 111.4015691280365,
                    "peak_gpu_memory_mb": 398.86083984375
                },
                "english_data": {
                    "accuracy": 0.5,
                    "precision": 0.0,
                    "recall": 0.0,
                    "f1": 0.0,
                    "auc_roc": 0.46959999999999996,
                    "inference_time_seconds": 2.17875337600708,
                    "peak_gpu_memory_mb": 398.86083984375
                },
                "mixed_data": {
                    "accuracy": 0.993960396039604,
                    "precision": 0.9984015984015984,
                    "recall": 0.9895049504950495,
                    "f1": 0.9939333664843361,
                    "auc_roc": 0.996904068228605,
                    "inference_time_seconds": 110.34325957298279,
                    "peak_gpu_memory_mb": 398.86083984375
                }
            }
        },
        "bert-base-uncased": {
            "parameter_count": 109483778,
            "model_type": "English",
            "test_results": {
                "chinese_data": {
                    "accuracy": 0.5,
                    "precision": 0.5,
                    "recall": 1.0,
                    "f1": 0.6666666666666666,
                    "auc_roc": 0.15228186,
                    "inference_time_seconds": 116.08641242980957,
                    "peak_gpu_memory_mb": 427.73583984375
                },
                "english_data": {
                    "accuracy": 1.0,
                    "precision": 1.0,
                    "recall": 1.0,
                    "f1": 1.0,
                    "auc_roc": 1.0,
                    "inference_time_seconds": 1.3516128063201904,
                    "peak_gpu_memory_mb": 427.73583984375
                },
                "mixed_data": {
                    "accuracy": 0.504950495049505,
                    "precision": 0.5024875621890548,
                    "recall": 1.0,
                    "f1": 0.6688741721854305,
                    "auc_roc": 0.16898525634741693,
                    "inference_time_seconds": 116.91133451461792,
                    "peak_gpu_memory_mb": 427.73583984375
                }
            }
        },
        "bert-base-multilingual-cased": {
            "parameter_count": 177854978,
            "model_type": "Bilingual",
            "test_results": {
                "chinese_data": {
                    "accuracy": 0.9976,
                    "precision": 0.9972022382094324,
                    "recall": 0.998,
                    "f1": 0.9976009596161535,
                    "auc_roc": 0.9998998799999999,
                    "inference_time_seconds": 174.27343249320984,
                    "peak_gpu_memory_mb": 687.48583984375
                },
                "english_data": {
                    "accuracy": 1.0,
                    "precision": 1.0,
                    "recall": 1.0,
                    "f1": 1.0,
                    "auc_roc": 1.0,
                    "inference_time_seconds": 1.9940955638885498,
                    "peak_gpu_memory_mb": 687.48583984375
                },
                "mixed_data": {
                    "accuracy": 0.9976237623762376,
                    "precision": 0.997229916897507,
                    "recall": 0.998019801980198,
                    "f1": 0.997624703087886,
                    "auc_roc": 0.9999016959121656,
                    "inference_time_seconds": 175.2178225517273,
                    "peak_gpu_memory_mb": 687.48583984375
                }
            }
        }
    },
    "test_data_summary": {
        "chinese_data": {
            "num_samples": 10000,
            "ai_samples": 5000,
            "human_samples": 5000
        },
        "english_data": {
            "num_samples": 100,
            "ai_samples": 50,
            "human_samples": 50
        },
        "mixed_data": {
            "num_samples": 10100,
            "ai_samples": 5050,
            "human_samples": 5050
        }
    }
}